{
  "delta_headline": 0.002500000000000007,
  "delta_bootstrap_ci_95": [
    -0.015833333333333352,
    0.022500000000000006
  ],
  "delta_per_benchmark": {
    "ChartQA": -0.015000000000000013,
    "HallusionBench": 0.025000000000000022,
    "MathVerse": 0.015000000000000013,
    "MathVision": -0.009999999999999981,
    "MathVista": 0.015000000000000013,
    "POPE_adversarial": -0.015000000000000013
  },
  "G_full": {
    "T1-2": {
      "ChartQA": 0.06499999999999995,
      "HallusionBench": 0.0050000000000000044,
      "MathVerse": -0.0050000000000000044,
      "MathVision": -0.065,
      "MathVista": 0.050000000000000044,
      "POPE_adversarial": 0.0
    },
    "T1-3": {
      "ChartQA": 0.07999999999999996,
      "HallusionBench": -0.020000000000000018,
      "MathVerse": -0.020000000000000018,
      "MathVision": -0.05500000000000002,
      "MathVista": 0.03500000000000003,
      "POPE_adversarial": 0.015000000000000013
    }
  },
  "G_blank": {
    "T1-2": {
      "ChartQA": 0.010000000000000002,
      "HallusionBench": 0.030000000000000027,
      "MathVerse": -0.010000000000000009,
      "MathVision": 0.0050000000000000044,
      "MathVista": -0.0050000000000000044,
      "POPE_adversarial": 0.0
    },
    "T1-3": {
      "ChartQA": 0.030000000000000006,
      "HallusionBench": 0.020000000000000018,
      "MathVerse": -0.015000000000000013,
      "MathVision": 0.010000000000000009,
      "MathVista": -0.020000000000000018,
      "POPE_adversarial": 0.0
    }
  },
  "G_text": {
    "T1-2": {
      "ChartQA": -0.0050000000000000044,
      "HallusionBench": 0.0050000000000000044,
      "MathVerse": -0.024999999999999994,
      "MathVision": 0.06,
      "MathVista": 0.07,
      "POPE_adversarial": 0.030000000000000027
    },
    "T1-3": {
      "ChartQA": 0.009999999999999995,
      "HallusionBench": 0.06,
      "MathVerse": -0.05499999999999999,
      "MathVision": 0.05000000000000002,
      "MathVista": 0.03999999999999998,
      "POPE_adversarial": 0.0
    }
  },
  "G_gap": {
    "T1-2": {
      "ChartQA": 0.054999999999999945,
      "HallusionBench": -0.025000000000000022,
      "MathVerse": 0.0050000000000000044,
      "MathVision": -0.07,
      "MathVista": 0.05500000000000005,
      "POPE_adversarial": 0.0
    },
    "T1-3": {
      "ChartQA": 0.049999999999999954,
      "HallusionBench": -0.040000000000000036,
      "MathVerse": -0.0050000000000000044,
      "MathVision": -0.06500000000000003,
      "MathVista": 0.05500000000000005,
      "POPE_adversarial": 0.015000000000000013
    }
  },
  "blank_leakage": {
    "T1-2": {
      "ChartQA": 0.153846153846154,
      "HallusionBench": 3.0000000000000027,
      "MathVerse": -1.0000000000000009,
      "MathVision": 0.5000000000000004,
      "MathVista": -0.1,
      "POPE_adversarial": 0.0
    },
    "T1-3": {
      "ChartQA": 0.3750000000000003,
      "HallusionBench": 2.0000000000000018,
      "MathVerse": -1.5000000000000013,
      "MathVision": 1.0000000000000009,
      "MathVista": -0.5714285714285714,
      "POPE_adversarial": 0.0
    }
  },
  "opd_target_recovery": {
    "T1-2": {
      "ChartQA": 0.8148148148148148,
      "HallusionBench": 0.5333333333333333,
      "MathVerse": 0.4,
      "MathVision": 0.2,
      "MathVista": 0.42857142857142855,
      "POPE_adversarial": 0.3333333333333333
    },
    "T1-3": {
      "ChartQA": 0.8148148148148148,
      "HallusionBench": 0.4,
      "MathVerse": 0.32,
      "MathVision": 0.2,
      "MathVista": 0.35714285714285715,
      "POPE_adversarial": 0.3333333333333333
    }
  },
  "opd_target_acc": {
    "T1-0": {
      "ChartQA": 0.0,
      "HallusionBench": 0.0,
      "MathVerse": 0.0,
      "MathVision": 0.0,
      "MathVista": 0.0,
      "POPE_adversarial": 0.0
    },
    "T1-2": {
      "ChartQA": 0.8148148148148148,
      "HallusionBench": 0.5333333333333333,
      "MathVerse": 0.4,
      "MathVision": 0.2,
      "MathVista": 0.42857142857142855,
      "POPE_adversarial": 0.3333333333333333
    },
    "T1-3": {
      "ChartQA": 0.8148148148148148,
      "HallusionBench": 0.4,
      "MathVerse": 0.32,
      "MathVision": 0.2,
      "MathVista": 0.35714285714285715,
      "POPE_adversarial": 0.3333333333333333
    }
  },
  "raw_acc": {
    "T1-0": {
      "ChartQA": {
        "full_image": 0.685,
        "blank_image": 0.055,
        "text_only": 0.115
      },
      "HallusionBench": {
        "full_image": 0.64,
        "blank_image": 0.47,
        "text_only": 0.42
      },
      "MathVerse": {
        "full_image": 0.305,
        "blank_image": 0.16,
        "text_only": 0.21
      },
      "MathVision": {
        "full_image": 0.23,
        "blank_image": 0.155,
        "text_only": 0.15
      },
      "MathVista": {
        "full_image": 0.595,
        "blank_image": 0.315,
        "text_only": 0.32
      },
      "POPE_adversarial": {
        "full_image": 0.865,
        "blank_image": 0.51,
        "text_only": 0.48
      }
    },
    "T1-2": {
      "ChartQA": {
        "full_image": 0.75,
        "blank_image": 0.065,
        "text_only": 0.11
      },
      "HallusionBench": {
        "full_image": 0.645,
        "blank_image": 0.5,
        "text_only": 0.425
      },
      "MathVerse": {
        "full_image": 0.3,
        "blank_image": 0.15,
        "text_only": 0.185
      },
      "MathVision": {
        "full_image": 0.165,
        "blank_image": 0.16,
        "text_only": 0.21
      },
      "MathVista": {
        "full_image": 0.645,
        "blank_image": 0.31,
        "text_only": 0.39
      },
      "POPE_adversarial": {
        "full_image": 0.865,
        "blank_image": 0.51,
        "text_only": 0.51
      }
    },
    "T1-3": {
      "ChartQA": {
        "full_image": 0.765,
        "blank_image": 0.085,
        "text_only": 0.125
      },
      "HallusionBench": {
        "full_image": 0.62,
        "blank_image": 0.49,
        "text_only": 0.48
      },
      "MathVerse": {
        "full_image": 0.285,
        "blank_image": 0.145,
        "text_only": 0.155
      },
      "MathVision": {
        "full_image": 0.175,
        "blank_image": 0.165,
        "text_only": 0.2
      },
      "MathVista": {
        "full_image": 0.63,
        "blank_image": 0.295,
        "text_only": 0.36
      },
      "POPE_adversarial": {
        "full_image": 0.88,
        "blank_image": 0.51,
        "text_only": 0.48
      }
    }
  },
  "mcnemar": {
    "n": 133,
    "p_value": 0.34492845088243484,
    "backend": "scipy.binomtest",
    "both_correct": 43,
    "both_wrong": 62,
    "b": 17,
    "c": 11
  },
  "n_bootstrap": 1000,
  "seed": 42,
  "decision_tree_verdict": "G_gap flat",
  "config": {
    "baseline_dir": "/home/web_server/antispam/project/houshihao/mllmopd/runs/audit/level1_v4_sysprompt_fixed",
    "t1_run_dir": "/home/web_server/antispam/project/houshihao/mllmopd/runs/audit/t1_v0_eval_20260521-140736",
    "opd_target_ids": "/home/web_server/antispam/project/houshihao/mllmopd/runs/audit/level1_v4_sysprompt_fixed/opd_target_ids.json"
  }
}