{
  "overall": {
    "very_low (vd \u2264 -1)": {
      "n": 8,
      "nll_full": 20.080856323242188
    },
    "low (-1 < vd \u2264 0)": {
      "n": 78112,
      "nll_full": 5803.433886149603
    },
    "neutral (0 < vd \u2264 0.5)": {
      "n": 72073,
      "nll_full": 5865.053005110496
    },
    "high (0.5 < vd \u2264 2.0)": {
      "n": 3200,
      "nll_full": 1202.444520686813
    },
    "very_high (vd > 2)": {
      "n": 1983,
      "nll_full": 570.1980681737647
    }
  },
  "by_bench": {
    "POPE_adversarial": {
      "very_low (vd \u2264 -1)": {
        "n": 0,
        "nll_full": 0.0
      },
      "low (-1 < vd \u2264 0)": {
        "n": 302,
        "nll_full": 46.41792857444533
      },
      "neutral (0 < vd \u2264 0.5)": {
        "n": 368,
        "nll_full": 27.55668202421063
      },
      "high (0.5 < vd \u2264 2.0)": {
        "n": 88,
        "nll_full": 29.228968561077636
      },
      "very_high (vd > 2)": {
        "n": 64,
        "nll_full": 25.46469325279213
      }
    },
    "MathVista": {
      "very_low (vd \u2264 -1)": {
        "n": 1,
        "nll_full": 1.528146743774414
      },
      "low (-1 < vd \u2264 0)": {
        "n": 9511,
        "nll_full": 799.3267970291288
      },
      "neutral (0 < vd \u2264 0.5)": {
        "n": 10124,
        "nll_full": 795.2700148949517
      },
      "high (0.5 < vd \u2264 2.0)": {
        "n": 724,
        "nll_full": 229.1166523237838
      },
      "very_high (vd > 2)": {
        "n": 434,
        "nll_full": 123.30381763403628
      }
    },
    "MathVision": {
      "very_low (vd \u2264 -1)": {
        "n": 0,
        "nll_full": 0.0
      },
      "low (-1 < vd \u2264 0)": {
        "n": 38673,
        "nll_full": 2583.327809654257
      },
      "neutral (0 < vd \u2264 0.5)": {
        "n": 32761,
        "nll_full": 2772.2318649944546
      },
      "high (0.5 < vd \u2264 2.0)": {
        "n": 753,
        "nll_full": 364.33098984388477
      },
      "very_high (vd > 2)": {
        "n": 257,
        "nll_full": 114.94987538448811
      }
    },
    "HallusionBench": {
      "very_low (vd \u2264 -1)": {
        "n": 4,
        "nll_full": 14.727908730506897
      },
      "low (-1 < vd \u2264 0)": {
        "n": 4498,
        "nll_full": 318.21618028344994
      },
      "neutral (0 < vd \u2264 0.5)": {
        "n": 4128,
        "nll_full": 223.55682462492234
      },
      "high (0.5 < vd \u2264 2.0)": {
        "n": 361,
        "nll_full": 151.28398065529757
      },
      "very_high (vd > 2)": {
        "n": 253,
        "nll_full": 106.72958450940865
      }
    },
    "MathVerse": {
      "very_low (vd \u2264 -1)": {
        "n": 1,
        "nll_full": 1.1036497354507446
      },
      "low (-1 < vd \u2264 0)": {
        "n": 22134,
        "nll_full": 1751.8229992090396
      },
      "neutral (0 < vd \u2264 0.5)": {
        "n": 20796,
        "nll_full": 1788.7751399132012
      },
      "high (0.5 < vd \u2264 2.0)": {
        "n": 751,
        "nll_full": 301.7140035787047
      },
      "very_high (vd > 2)": {
        "n": 381,
        "nll_full": 99.06594073001813
      }
    },
    "ChartQA": {
      "very_low (vd \u2264 -1)": {
        "n": 2,
        "nll_full": 2.721151113510132
      },
      "low (-1 < vd \u2264 0)": {
        "n": 2994,
        "nll_full": 304.3221713992834
      },
      "neutral (0 < vd \u2264 0.5)": {
        "n": 3896,
        "nll_full": 257.66247865875255
      },
      "high (0.5 < vd \u2264 2.0)": {
        "n": 523,
        "nll_full": 126.76992572406436
      },
      "very_high (vd > 2)": {
        "n": 594,
        "nll_full": 100.68415666302135
      }
    }
  },
  "total_n": 155376,
  "total_nll": 13461.21033644392,
  "by_bench_totals": {
    "POPE_adversarial": {
      "n": 822,
      "nll": 128.66827241252574
    },
    "MathVista": {
      "n": 20794,
      "nll": 1948.545428625675
    },
    "MathVision": {
      "n": 72444,
      "nll": 5834.840539877085
    },
    "HallusionBench": {
      "n": 9244,
      "nll": 814.5144788035855
    },
    "MathVerse": {
      "n": 44063,
      "nll": 3942.481733166414
    },
    "ChartQA": {
      "n": 8009,
      "nll": 792.1598835586318
    }
  }
}