{
  "overall": {
    "very_low (vd \u2264 -1)": {
      "n": 9,
      "nll_full": 20.54133117198944
    },
    "low (-1 < vd \u2264 0)": {
      "n": 67805,
      "nll_full": 5178.986607495207
    },
    "neutral (0 < vd \u2264 0.5)": {
      "n": 64435,
      "nll_full": 5182.896112308578
    },
    "high (0.5 < vd \u2264 2.0)": {
      "n": 2980,
      "nll_full": 1123.5050978540985
    },
    "very_high (vd > 2)": {
      "n": 1986,
      "nll_full": 533.5979476110941
    }
  },
  "by_bench": {
    "POPE_adversarial": {
      "very_low (vd \u2264 -1)": {
        "n": 1,
        "nll_full": 1.045799970626831
      },
      "low (-1 < vd \u2264 0)": {
        "n": 308,
        "nll_full": 47.31228107028064
      },
      "neutral (0 < vd \u2264 0.5)": {
        "n": 342,
        "nll_full": 23.65556688589789
      },
      "high (0.5 < vd \u2264 2.0)": {
        "n": 75,
        "nll_full": 27.41211706146896
      },
      "very_high (vd > 2)": {
        "n": 68,
        "nll_full": 23.81233233875355
      }
    },
    "MathVista": {
      "very_low (vd \u2264 -1)": {
        "n": 1,
        "nll_full": 1.1751209497451782
      },
      "low (-1 < vd \u2264 0)": {
        "n": 8723,
        "nll_full": 738.9154818575632
      },
      "neutral (0 < vd \u2264 0.5)": {
        "n": 9191,
        "nll_full": 731.6638799710156
      },
      "high (0.5 < vd \u2264 2.0)": {
        "n": 716,
        "nll_full": 250.55585929958238
      },
      "very_high (vd > 2)": {
        "n": 444,
        "nll_full": 123.18529096755637
      }
    },
    "MathVision": {
      "very_low (vd \u2264 -1)": {
        "n": 3,
        "nll_full": 3.9995810985565186
      },
      "low (-1 < vd \u2264 0)": {
        "n": 28250,
        "nll_full": 2295.983267013158
      },
      "neutral (0 < vd \u2264 0.5)": {
        "n": 24888,
        "nll_full": 2476.095479608867
      },
      "high (0.5 < vd \u2264 2.0)": {
        "n": 712,
        "nll_full": 354.86114980799164
      },
      "very_high (vd > 2)": {
        "n": 254,
        "nll_full": 107.47254909666337
      }
    },
    "HallusionBench": {
      "very_low (vd \u2264 -1)": {
        "n": 4,
        "nll_full": 14.320829153060913
      },
      "low (-1 < vd \u2264 0)": {
        "n": 4984,
        "nll_full": 259.5482474160287
      },
      "neutral (0 < vd \u2264 0.5)": {
        "n": 6976,
        "nll_full": 193.87154697550483
      },
      "high (0.5 < vd \u2264 2.0)": {
        "n": 315,
        "nll_full": 132.35891707877488
      },
      "very_high (vd > 2)": {
        "n": 251,
        "nll_full": 104.01334921692766
      }
    },
    "MathVerse": {
      "very_low (vd \u2264 -1)": {
        "n": 0,
        "nll_full": 0.0
      },
      "low (-1 < vd \u2264 0)": {
        "n": 20538,
        "nll_full": 1634.4385734266484
      },
      "neutral (0 < vd \u2264 0.5)": {
        "n": 18036,
        "nll_full": 1606.113886004614
      },
      "high (0.5 < vd \u2264 2.0)": {
        "n": 644,
        "nll_full": 245.2444720737106
      },
      "very_high (vd > 2)": {
        "n": 335,
        "nll_full": 80.87083268867678
      }
    },
    "ChartQA": {
      "very_low (vd \u2264 -1)": {
        "n": 0,
        "nll_full": 0.0
      },
      "low (-1 < vd \u2264 0)": {
        "n": 5002,
        "nll_full": 202.78875671152875
      },
      "neutral (0 < vd \u2264 0.5)": {
        "n": 5002,
        "nll_full": 151.49575286268262
      },
      "high (0.5 < vd \u2264 2.0)": {
        "n": 518,
        "nll_full": 113.07258253257021
      },
      "very_high (vd > 2)": {
        "n": 634,
        "nll_full": 94.24359330251622
      }
    }
  },
  "total_n": 137215,
  "total_nll": 12039.527096440976,
  "by_bench_totals": {
    "POPE_adversarial": {
      "n": 794,
      "nll": 123.23809732702787
    },
    "MathVista": {
      "n": 19075,
      "nll": 1845.4956330454627
    },
    "MathVision": {
      "n": 54107,
      "nll": 5238.412026625235
    },
    "HallusionBench": {
      "n": 12530,
      "nll": 704.1128898402969
    },
    "MathVerse": {
      "n": 39553,
      "nll": 3566.66776419365
    },
    "ChartQA": {
      "n": 11156,
      "nll": 561.6006854092976
    }
  }
}