{
  "delta_headline": 0.0016666666666666728,
  "delta_bootstrap_ci_95": [
    -0.017499999999999988,
    0.02166666666666668
  ],
  "delta_per_benchmark": {
    "ChartQA": 0.0,
    "HallusionBench": -0.020000000000000018,
    "MathVerse": -0.014999999999999958,
    "MathVision": 0.01999999999999999,
    "MathVista": 0.030000000000000027,
    "POPE_adversarial": -0.0050000000000000044
  },
  "G_full": {
    "T1-2": {
      "ChartQA": 0.07499999999999996,
      "HallusionBench": -0.015000000000000013,
      "MathVerse": -0.034999999999999976,
      "MathVision": -0.05500000000000002,
      "MathVista": 0.07000000000000006,
      "POPE_adversarial": 0.0050000000000000044
    },
    "T1-3": {
      "ChartQA": 0.07499999999999996,
      "HallusionBench": 0.0050000000000000044,
      "MathVerse": -0.020000000000000018,
      "MathVision": -0.07500000000000001,
      "MathVista": 0.040000000000000036,
      "POPE_adversarial": 0.010000000000000009
    }
  },
  "G_blank": {
    "T1-2": {
      "ChartQA": 0.019999999999999997,
      "HallusionBench": -0.009999999999999953,
      "MathVerse": -0.0050000000000000044,
      "MathVision": 0.03,
      "MathVista": -0.010000000000000009,
      "POPE_adversarial": 0.0
    },
    "T1-3": {
      "ChartQA": 0.030000000000000006,
      "HallusionBench": 0.010000000000000009,
      "MathVerse": -0.010000000000000009,
      "MathVision": -0.01999999999999999,
      "MathVista": -0.010000000000000009,
      "POPE_adversarial": 0.0
    }
  },
  "G_text": {
    "T1-2": {
      "ChartQA": -0.0050000000000000044,
      "HallusionBench": 0.0050000000000000044,
      "MathVerse": -0.024999999999999994,
      "MathVision": 0.06,
      "MathVista": 0.07,
      "POPE_adversarial": 0.030000000000000027
    },
    "T1-3": {
      "ChartQA": 0.009999999999999995,
      "HallusionBench": 0.06,
      "MathVerse": -0.05499999999999999,
      "MathVision": 0.05000000000000002,
      "MathVista": 0.03999999999999998,
      "POPE_adversarial": 0.0
    }
  },
  "G_gap": {
    "T1-2": {
      "ChartQA": 0.05499999999999996,
      "HallusionBench": -0.00500000000000006,
      "MathVerse": -0.02999999999999997,
      "MathVision": -0.08500000000000002,
      "MathVista": 0.08000000000000007,
      "POPE_adversarial": 0.0050000000000000044
    },
    "T1-3": {
      "ChartQA": 0.04499999999999995,
      "HallusionBench": -0.0050000000000000044,
      "MathVerse": -0.010000000000000009,
      "MathVision": -0.05500000000000002,
      "MathVista": 0.050000000000000044,
      "POPE_adversarial": 0.010000000000000009
    }
  },
  "blank_leakage": {
    "T1-2": {
      "ChartQA": 0.2666666666666668,
      "HallusionBench": -0.9999999999999953,
      "MathVerse": -0.5000000000000004,
      "MathVision": 3.0,
      "MathVista": -0.14285714285714285,
      "POPE_adversarial": 0.0
    },
    "T1-3": {
      "ChartQA": 0.4000000000000003,
      "HallusionBench": 1.0000000000000009,
      "MathVerse": -1.0000000000000009,
      "MathVision": -1.999999999999999,
      "MathVista": -0.25,
      "POPE_adversarial": 0.0
    }
  },
  "opd_target_recovery": {
    "T1-2": {
      "ChartQA": 0.8148148148148148,
      "HallusionBench": 0.4,
      "MathVerse": 0.32,
      "MathVision": 0.17142857142857143,
      "MathVista": 0.5357142857142857,
      "POPE_adversarial": 0.3333333333333333
    },
    "T1-3": {
      "ChartQA": 0.7777777777777778,
      "HallusionBench": 0.4666666666666667,
      "MathVerse": 0.32,
      "MathVision": 0.17142857142857143,
      "MathVista": 0.35714285714285715,
      "POPE_adversarial": 0.3333333333333333
    }
  },
  "opd_target_acc": {
    "T1-0": {
      "ChartQA": 0.0,
      "HallusionBench": 0.0,
      "MathVerse": 0.0,
      "MathVision": 0.0,
      "MathVista": 0.0,
      "POPE_adversarial": 0.0
    },
    "T1-2": {
      "ChartQA": 0.8148148148148148,
      "HallusionBench": 0.4,
      "MathVerse": 0.32,
      "MathVision": 0.17142857142857143,
      "MathVista": 0.5357142857142857,
      "POPE_adversarial": 0.3333333333333333
    },
    "T1-3": {
      "ChartQA": 0.7777777777777778,
      "HallusionBench": 0.4666666666666667,
      "MathVerse": 0.32,
      "MathVision": 0.17142857142857143,
      "MathVista": 0.35714285714285715,
      "POPE_adversarial": 0.3333333333333333
    }
  },
  "raw_acc": {
    "T1-0": {
      "ChartQA": {
        "full_image": 0.685,
        "blank_image": 0.055,
        "text_only": 0.115
      },
      "HallusionBench": {
        "full_image": 0.64,
        "blank_image": 0.47,
        "text_only": 0.42
      },
      "MathVerse": {
        "full_image": 0.305,
        "blank_image": 0.16,
        "text_only": 0.21
      },
      "MathVision": {
        "full_image": 0.23,
        "blank_image": 0.155,
        "text_only": 0.15
      },
      "MathVista": {
        "full_image": 0.595,
        "blank_image": 0.315,
        "text_only": 0.32
      },
      "POPE_adversarial": {
        "full_image": 0.865,
        "blank_image": 0.51,
        "text_only": 0.48
      }
    },
    "T1-2": {
      "ChartQA": {
        "full_image": 0.76,
        "blank_image": 0.075,
        "text_only": 0.11
      },
      "HallusionBench": {
        "full_image": 0.625,
        "blank_image": 0.46,
        "text_only": 0.425
      },
      "MathVerse": {
        "full_image": 0.27,
        "blank_image": 0.155,
        "text_only": 0.185
      },
      "MathVision": {
        "full_image": 0.175,
        "blank_image": 0.185,
        "text_only": 0.21
      },
      "MathVista": {
        "full_image": 0.665,
        "blank_image": 0.305,
        "text_only": 0.39
      },
      "POPE_adversarial": {
        "full_image": 0.87,
        "blank_image": 0.51,
        "text_only": 0.51
      }
    },
    "T1-3": {
      "ChartQA": {
        "full_image": 0.76,
        "blank_image": 0.085,
        "text_only": 0.125
      },
      "HallusionBench": {
        "full_image": 0.645,
        "blank_image": 0.48,
        "text_only": 0.48
      },
      "MathVerse": {
        "full_image": 0.285,
        "blank_image": 0.15,
        "text_only": 0.155
      },
      "MathVision": {
        "full_image": 0.155,
        "blank_image": 0.135,
        "text_only": 0.2
      },
      "MathVista": {
        "full_image": 0.635,
        "blank_image": 0.305,
        "text_only": 0.36
      },
      "POPE_adversarial": {
        "full_image": 0.875,
        "blank_image": 0.51,
        "text_only": 0.48
      }
    }
  },
  "mcnemar": {
    "n": 133,
    "p_value": 0.4420683383941645,
    "backend": "inline_binomial",
    "both_correct": 42,
    "both_wrong": 64,
    "b": 16,
    "c": 11
  },
  "n_bootstrap": 1000,
  "seed": 42,
  "decision_tree_verdict": "G_gap flat",
  "config": {
    "baseline_dir": "runs/audit/level1_v4_sysprompt_fixed",
    "t1_run_dir": "runs/audit/t1_v0_eval_20260521-194955",
    "opd_target_ids": "runs/audit/level1_v4_sysprompt_fixed/opd_target_ids.json"
  }
}