{
  "overall": {
    "very_low (vd \u2264 -1)": {
      "n": 6,
      "nll_full": 29.75783336162567
    },
    "low (-1 < vd \u2264 0)": {
      "n": 44440,
      "nll_full": 3392.2316415600303
    },
    "neutral (0 < vd \u2264 0.5)": {
      "n": 45133,
      "nll_full": 3305.8283869355923
    },
    "high (0.5 < vd \u2264 2.0)": {
      "n": 3601,
      "nll_full": 1120.1988071141755
    },
    "very_high (vd > 2)": {
      "n": 2979,
      "nll_full": 678.5455300885499
    }
  },
  "by_bench": {
    "POPE_adversarial": {
      "very_low (vd \u2264 -1)": {
        "n": 0,
        "nll_full": 0.0
      },
      "low (-1 < vd \u2264 0)": {
        "n": 282,
        "nll_full": 27.03959698606824
      },
      "neutral (0 < vd \u2264 0.5)": {
        "n": 384,
        "nll_full": 11.381321706749432
      },
      "high (0.5 < vd \u2264 2.0)": {
        "n": 90,
        "nll_full": 17.824445073758135
      },
      "very_high (vd > 2)": {
        "n": 123,
        "nll_full": 29.122137889504756
      }
    },
    "MathVista": {
      "very_low (vd \u2264 -1)": {
        "n": 0,
        "nll_full": 0.0
      },
      "low (-1 < vd \u2264 0)": {
        "n": 9835,
        "nll_full": 609.3129324661799
      },
      "neutral (0 < vd \u2264 0.5)": {
        "n": 9447,
        "nll_full": 535.1321783547494
      },
      "high (0.5 < vd \u2264 2.0)": {
        "n": 788,
        "nll_full": 208.80147402438936
      },
      "very_high (vd > 2)": {
        "n": 676,
        "nll_full": 148.47323450744807
      }
    },
    "MathVision": {
      "very_low (vd \u2264 -1)": {
        "n": 2,
        "nll_full": 2.4869989156723022
      },
      "low (-1 < vd \u2264 0)": {
        "n": 17276,
        "nll_full": 1535.3616125062802
      },
      "neutral (0 < vd \u2264 0.5)": {
        "n": 16835,
        "nll_full": 1582.6411096341164
      },
      "high (0.5 < vd \u2264 2.0)": {
        "n": 1012,
        "nll_full": 411.26391031387567
      },
      "very_high (vd > 2)": {
        "n": 487,
        "nll_full": 164.2469412700563
      }
    },
    "HallusionBench": {
      "very_low (vd \u2264 -1)": {
        "n": 4,
        "nll_full": 27.27083444595337
      },
      "low (-1 < vd \u2264 0)": {
        "n": 2231,
        "nll_full": 160.14312307125635
      },
      "neutral (0 < vd \u2264 0.5)": {
        "n": 2515,
        "nll_full": 109.88067513984548
      },
      "high (0.5 < vd \u2264 2.0)": {
        "n": 340,
        "nll_full": 98.56670385425878
      },
      "very_high (vd > 2)": {
        "n": 386,
        "nll_full": 103.626851467437
      }
    },
    "MathVerse": {
      "very_low (vd \u2264 -1)": {
        "n": 0,
        "nll_full": 0.0
      },
      "low (-1 < vd \u2264 0)": {
        "n": 12532,
        "nll_full": 985.2809972023919
      },
      "neutral (0 < vd \u2264 0.5)": {
        "n": 12264,
        "nll_full": 1023.2681527716063
      },
      "high (0.5 < vd \u2264 2.0)": {
        "n": 913,
        "nll_full": 322.30165490392926
      },
      "very_high (vd > 2)": {
        "n": 601,
        "nll_full": 141.73809412269804
      }
    },
    "ChartQA": {
      "very_low (vd \u2264 -1)": {
        "n": 0,
        "nll_full": 0.0
      },
      "low (-1 < vd \u2264 0)": {
        "n": 2284,
        "nll_full": 75.0933793278557
      },
      "neutral (0 < vd \u2264 0.5)": {
        "n": 3688,
        "nll_full": 43.524949328526226
      },
      "high (0.5 < vd \u2264 2.0)": {
        "n": 458,
        "nll_full": 61.44061894396415
      },
      "very_high (vd > 2)": {
        "n": 706,
        "nll_full": 91.33827083140582
      }
    }
  },
  "total_n": 96159,
  "total_nll": 8526.56219905998,
  "by_bench_totals": {
    "POPE_adversarial": {
      "n": 879,
      "nll": 85.36750165608055
    },
    "MathVista": {
      "n": 20746,
      "nll": 1501.7198193527668
    },
    "MathVision": {
      "n": 35612,
      "nll": 3696.000572640001
    },
    "HallusionBench": {
      "n": 5476,
      "nll": 499.488187978751
    },
    "MathVerse": {
      "n": 26310,
      "nll": 2472.5888990006256
    },
    "ChartQA": {
      "n": 7136,
      "nll": 271.3972184317519
    }
  }
}