{
  "overall": {
    "very_low (vd \u2264 -1)": {
      "n": 587,
      "nll_full": 3737.8668543100357
    },
    "low (-1 < vd \u2264 0)": {
      "n": 44537,
      "nll_full": 4595.129338157155
    },
    "neutral (0 < vd \u2264 0.5)": {
      "n": 44520,
      "nll_full": 3766.716762472185
    },
    "high (0.5 < vd \u2264 2.0)": {
      "n": 3668,
      "nll_full": 1825.8037149246315
    },
    "very_high (vd > 2)": {
      "n": 2847,
      "nll_full": 1203.8386600990782
    }
  },
  "by_bench": {
    "POPE_adversarial": {
      "very_low (vd \u2264 -1)": {
        "n": 25,
        "nll_full": 145.0165799856186
      },
      "low (-1 < vd \u2264 0)": {
        "n": 312,
        "nll_full": 91.24475154913162
      },
      "neutral (0 < vd \u2264 0.5)": {
        "n": 341,
        "nll_full": 29.325717397377552
      },
      "high (0.5 < vd \u2264 2.0)": {
        "n": 87,
        "nll_full": 42.526363284416895
      },
      "very_high (vd > 2)": {
        "n": 114,
        "nll_full": 83.99921143624488
      }
    },
    "MathVista": {
      "very_low (vd \u2264 -1)": {
        "n": 164,
        "nll_full": 768.8778443336487
      },
      "low (-1 < vd \u2264 0)": {
        "n": 9942,
        "nll_full": 904.3771106969468
      },
      "neutral (0 < vd \u2264 0.5)": {
        "n": 9196,
        "nll_full": 672.6821889591971
      },
      "high (0.5 < vd \u2264 2.0)": {
        "n": 805,
        "nll_full": 405.59298294012626
      },
      "very_high (vd > 2)": {
        "n": 639,
        "nll_full": 258.6376208489078
      }
    },
    "MathVision": {
      "very_low (vd \u2264 -1)": {
        "n": 44,
        "nll_full": 166.61780858039856
      },
      "low (-1 < vd \u2264 0)": {
        "n": 17264,
        "nll_full": 1794.528944347473
      },
      "neutral (0 < vd \u2264 0.5)": {
        "n": 16811,
        "nll_full": 1690.6680861891634
      },
      "high (0.5 < vd \u2264 2.0)": {
        "n": 1041,
        "nll_full": 530.8085784561687
      },
      "very_high (vd > 2)": {
        "n": 452,
        "nll_full": 231.91567105774087
      }
    },
    "HallusionBench": {
      "very_low (vd \u2264 -1)": {
        "n": 99,
        "nll_full": 708.3102070093155
      },
      "low (-1 < vd \u2264 0)": {
        "n": 2184,
        "nll_full": 332.6122280066722
      },
      "neutral (0 < vd \u2264 0.5)": {
        "n": 2462,
        "nll_full": 215.04357797683178
      },
      "high (0.5 < vd \u2264 2.0)": {
        "n": 352,
        "nll_full": 244.7234565788487
      },
      "very_high (vd > 2)": {
        "n": 379,
        "nll_full": 206.1210960585208
      }
    },
    "MathVerse": {
      "very_low (vd \u2264 -1)": {
        "n": 46,
        "nll_full": 203.88437616825104
      },
      "low (-1 < vd \u2264 0)": {
        "n": 12586,
        "nll_full": 1199.2256353278326
      },
      "neutral (0 < vd \u2264 0.5)": {
        "n": 12190,
        "nll_full": 1068.132732865899
      },
      "high (0.5 < vd \u2264 2.0)": {
        "n": 918,
        "nll_full": 395.13363169254563
      },
      "very_high (vd > 2)": {
        "n": 570,
        "nll_full": 185.74377752100384
      }
    },
    "ChartQA": {
      "very_low (vd \u2264 -1)": {
        "n": 209,
        "nll_full": 1745.1600382328033
      },
      "low (-1 < vd \u2264 0)": {
        "n": 2249,
        "nll_full": 273.1406682290988
      },
      "neutral (0 < vd \u2264 0.5)": {
        "n": 3520,
        "nll_full": 90.86445908371434
      },
      "high (0.5 < vd \u2264 2.0)": {
        "n": 465,
        "nll_full": 207.01870197252543
      },
      "very_high (vd > 2)": {
        "n": 693,
        "nll_full": 237.42128317666
      }
    }
  },
  "total_n": 96159,
  "total_nll": 15129.355329963082,
  "by_bench_totals": {
    "POPE_adversarial": {
      "n": 879,
      "nll": 392.1126236527896
    },
    "MathVista": {
      "n": 20746,
      "nll": 3010.167747778827
    },
    "MathVision": {
      "n": 35612,
      "nll": 4414.539088630946
    },
    "HallusionBench": {
      "n": 5476,
      "nll": 1706.8105656301889
    },
    "MathVerse": {
      "n": 26310,
      "nll": 3052.120153575532
    },
    "ChartQA": {
      "n": 7136,
      "nll": 2553.605150694802
    }
  }
}