{
  "delta_headline": 0.22999999999999998,
  "delta_bootstrap_ci_95": [
    0.19999999999999998,
    0.2575
  ],
  "delta_per_benchmark": {
    "ChartQA": 0.62,
    "HallusionBench": 0.09999999999999998,
    "MathVerse": 0.2,
    "MathVision": 0.01999999999999999,
    "MathVista": 0.315,
    "POPE_adversarial": 0.125
  },
  "G_full": {
    "T1-2": {
      "ChartQA": 0.08999999999999997,
      "HallusionBench": -0.03500000000000003,
      "MathVerse": 0.0050000000000000044,
      "MathVision": -0.05000000000000002,
      "MathVista": 0.050000000000000044,
      "POPE_adversarial": 0.020000000000000018
    },
    "T1-3": {
      "ChartQA": -0.53,
      "HallusionBench": -0.135,
      "MathVerse": -0.195,
      "MathVision": -0.07,
      "MathVista": -0.26499999999999996,
      "POPE_adversarial": -0.10499999999999998
    }
  },
  "G_blank": {
    "T1-2": {
      "ChartQA": 0.0049999999999999975,
      "HallusionBench": 0.010000000000000009,
      "MathVerse": 0.03,
      "MathVision": 0.03,
      "MathVista": 0.015000000000000013,
      "POPE_adversarial": 0.0
    },
    "T1-3": {
      "ChartQA": 0.030000000000000006,
      "HallusionBench": 0.07000000000000006,
      "MathVerse": -0.04000000000000001,
      "MathVision": -0.039999999999999994,
      "MathVista": -0.025000000000000022,
      "POPE_adversarial": 0.0
    }
  },
  "G_text": {
    "T1-2": {
      "ChartQA": 0.009999999999999995,
      "HallusionBench": -0.014999999999999958,
      "MathVerse": -0.03999999999999998,
      "MathVision": 0.04500000000000001,
      "MathVista": 0.05499999999999999,
      "POPE_adversarial": 0.025000000000000022
    },
    "T1-3": {
      "ChartQA": -0.04000000000000001,
      "HallusionBench": 0.010000000000000009,
      "MathVerse": -0.08499999999999999,
      "MathVision": 0.010000000000000009,
      "MathVista": -0.015000000000000013,
      "POPE_adversarial": 0.030000000000000027
    }
  },
  "G_gap": {
    "T1-2": {
      "ChartQA": 0.08499999999999996,
      "HallusionBench": -0.04500000000000004,
      "MathVerse": -0.024999999999999994,
      "MathVision": -0.08000000000000002,
      "MathVista": 0.03500000000000003,
      "POPE_adversarial": 0.020000000000000018
    },
    "T1-3": {
      "ChartQA": -0.56,
      "HallusionBench": -0.20500000000000007,
      "MathVerse": -0.155,
      "MathVision": -0.030000000000000013,
      "MathVista": -0.23999999999999994,
      "POPE_adversarial": -0.10499999999999998
    }
  },
  "blank_leakage": {
    "T1-2": {
      "ChartQA": 0.055555555555555546,
      "HallusionBench": 1.0000000000000009,
      "MathVerse": 3.0,
      "MathVision": 3.0,
      "MathVista": 0.3,
      "POPE_adversarial": 0.0
    },
    "T1-3": {
      "ChartQA": 3.0000000000000004,
      "HallusionBench": 7.000000000000006,
      "MathVerse": -4.000000000000001,
      "MathVision": -3.999999999999999,
      "MathVista": -2.500000000000002,
      "POPE_adversarial": 0.0
    }
  },
  "opd_target_recovery": {
    "T1-2": {
      "ChartQA": 0.7777777777777778,
      "HallusionBench": 0.4666666666666667,
      "MathVerse": 0.28,
      "MathVision": 0.22857142857142856,
      "MathVista": 0.39285714285714285,
      "POPE_adversarial": 0.3333333333333333
    },
    "T1-3": {
      "ChartQA": 0.14814814814814814,
      "HallusionBench": 0.2,
      "MathVerse": 0.08,
      "MathVision": 0.14285714285714285,
      "MathVista": 0.14285714285714285,
      "POPE_adversarial": 0.6666666666666666
    }
  },
  "opd_target_acc": {
    "T1-0": {
      "ChartQA": 0.0,
      "HallusionBench": 0.0,
      "MathVerse": 0.0,
      "MathVision": 0.0,
      "MathVista": 0.0,
      "POPE_adversarial": 0.0
    },
    "T1-2": {
      "ChartQA": 0.7777777777777778,
      "HallusionBench": 0.4666666666666667,
      "MathVerse": 0.28,
      "MathVision": 0.22857142857142856,
      "MathVista": 0.39285714285714285,
      "POPE_adversarial": 0.3333333333333333
    },
    "T1-3": {
      "ChartQA": 0.14814814814814814,
      "HallusionBench": 0.2,
      "MathVerse": 0.08,
      "MathVision": 0.14285714285714285,
      "MathVista": 0.14285714285714285,
      "POPE_adversarial": 0.6666666666666666
    }
  },
  "raw_acc": {
    "T1-0": {
      "ChartQA": {
        "full_image": 0.685,
        "blank_image": 0.055,
        "text_only": 0.115
      },
      "HallusionBench": {
        "full_image": 0.64,
        "blank_image": 0.47,
        "text_only": 0.42
      },
      "MathVerse": {
        "full_image": 0.305,
        "blank_image": 0.16,
        "text_only": 0.21
      },
      "MathVision": {
        "full_image": 0.23,
        "blank_image": 0.155,
        "text_only": 0.15
      },
      "MathVista": {
        "full_image": 0.595,
        "blank_image": 0.315,
        "text_only": 0.32
      },
      "POPE_adversarial": {
        "full_image": 0.865,
        "blank_image": 0.51,
        "text_only": 0.48
      }
    },
    "T1-2": {
      "ChartQA": {
        "full_image": 0.775,
        "blank_image": 0.06,
        "text_only": 0.125
      },
      "HallusionBench": {
        "full_image": 0.605,
        "blank_image": 0.48,
        "text_only": 0.405
      },
      "MathVerse": {
        "full_image": 0.31,
        "blank_image": 0.19,
        "text_only": 0.17
      },
      "MathVision": {
        "full_image": 0.18,
        "blank_image": 0.185,
        "text_only": 0.195
      },
      "MathVista": {
        "full_image": 0.645,
        "blank_image": 0.33,
        "text_only": 0.375
      },
      "POPE_adversarial": {
        "full_image": 0.885,
        "blank_image": 0.51,
        "text_only": 0.505
      }
    },
    "T1-3": {
      "ChartQA": {
        "full_image": 0.155,
        "blank_image": 0.085,
        "text_only": 0.075
      },
      "HallusionBench": {
        "full_image": 0.505,
        "blank_image": 0.54,
        "text_only": 0.43
      },
      "MathVerse": {
        "full_image": 0.11,
        "blank_image": 0.12,
        "text_only": 0.125
      },
      "MathVision": {
        "full_image": 0.16,
        "blank_image": 0.115,
        "text_only": 0.16
      },
      "MathVista": {
        "full_image": 0.33,
        "blank_image": 0.29,
        "text_only": 0.305
      },
      "POPE_adversarial": {
        "full_image": 0.76,
        "blank_image": 0.51,
        "text_only": 0.51
      }
    }
  },
  "mcnemar": {
    "n": 133,
    "p_value": 1.220851017613711e-06,
    "backend": "scipy.binomtest",
    "both_correct": 11,
    "both_wrong": 69,
    "b": 44,
    "c": 9
  },
  "n_bootstrap": 1000,
  "seed": 42,
  "decision_tree_verdict": "T1-2 >> T1-3 -> method paper",
  "config": {
    "baseline_dir": "/home/web_server/antispam/project/houshihao/mllmopd/runs/audit/level1_v4_sysprompt_fixed",
    "t1_run_dir": "/home/web_server/antispam/project/houshihao/mllmopd/runs/audit/t1_v1p5b_eval_step249_20260522-102258",
    "opd_target_ids": "/home/web_server/antispam/project/houshihao/mllmopd/runs/audit/level1_v4_sysprompt_fixed/opd_target_ids.json"
  }
}